"Date","Activity","Source/Destination","Wallet Txn ID","Comment","Debit","Credit","Transaction Breakup","Status"
"06/08/2018 00:41:53","Bonus Added","Paytm Order #CASH-947498887","19982517972","","","5","","SUCCESS"
"31/07/2018 18:38:46","Paid For Order","Order #SM_115AC3125DA24B4F","19908080378","From: SAIFUL HASAN To: sohrab","109","","","SUCCESS"
"31/07/2018 18:38:42","Added to Paytm Balance","Paytm Order #5701659617","19908079615","","","109","","SUCCESS"
"27/07/2018 20:01:06","Paid for Order","Paytm Order #5675069165","19857721067","","89","","","SUCCESS"
"26/07/2018 23:38:52","Paid For Order","Order #SM_6B3BBFC44E3382B9","19847022731","From: SAIFUL HASAN To: Ahsan ","90","","","SUCCESS"
"26/07/2018 17:03:03","Money received","Order #SM_2B0DF6A850FCDED2","19841840725","From: MONIBUR RAHMAN To: SAIFUL HASAN","","179","","SUCCESS"
"25/07/2018 21:32:26","Money Sent","Order #SM_62B906610E0E7B8B","19832446307","From: SAIFUL HASAN To: Md Muntasir","1000","","","SUCCESS"
"21/07/2018 20:57:26","Money received","Order #SM_922856E03C705AC3","19779726109","From: SHIVAM VERMA To: SAIFUL HASAN","","1000","","SUCCESS"
"13/07/2018 10:27:58","Paid for Order","Al-shifa medicos Order #2018071310275800","19663490960","","60","","","SUCCESS"
"13/07/2018 10:26:13","Added to Paytm Balance","Paytm Order #5570241147","19663470926","","","60","","SUCCESS"
"06/07/2018 21:06:11","Added to Paytm Balance","Paytm Order #5525277827","19578208761","","","23","","SUCCESS"
"06/07/2018 21:06:11","Paid For Order","Order #SM_7FAA0D0430042E37","19578208912","From: SAIFUL HASAN To: mannat","23","","","SUCCESS"
"02/07/2018 10:36:02","Paid for Order","Al-shifa medicos Order #2018070210360100","19513156507","","475","","","SUCCESS"
"02/07/2018 10:36:00","Added to Paytm Balance","Paytm Order #5490681869","19513156262","","","475","","SUCCESS"
"29/06/2018 14:21:25","Paid for Order","MD Intasar Alam Order #2018062914212500","19475232501","","38","","","SUCCESS"
"29/06/2018 14:21:17","Added to Paytm Balance","Paytm Order #5471397151","19475230577","","","38","","SUCCESS"
"21/06/2018 22:19:04","Paid for Order","Paytm Order #5421437589","19379346590","","4","","","SUCCESS"
"21/06/2018 14:18:18","Bonus Added","Paytm Order #cust_id_2018-06-14upi63468994 21:42:0","19373096799","","","2","","SUCCESS"
"19/06/2018 10:33:30","Bonus Added","Paytm Order #cust_id_2018-06-15upi6346899421:42:55","19343406385","","","2","","SUCCESS"
"19/06/2018 09:14:12","Paid for Order","Paytm Order #5401619316","19342469768","","10","","","SUCCESS"
"19/06/2018 09:13:25","Bonus Added","Paytm Order #CASH-877148966","19342461975","","","10","","SUCCESS"
"15/06/2018 15:13:19","Money Sent","Order #SM_71E8D723E3C8C562","19296192499","From: SAIFUL HASAN To: MOHD FIROZ KHAN","500","","","SUCCESS"
"15/06/2018 15:13:19","Added to Paytm Balance","Paytm Order #5376676302","19296192336","","","500","","SUCCESS"
"14/06/2018 00:34:37","Paid For Order","Order #SM_F6BA95FC4FC00EDE","19274386826","From: SAIFUL HASAN To: Ahsan ","623","","","SUCCESS"
"14/06/2018 00:34:34","Added to Paytm Balance","Paytm Order #5365779404","19274386589","","","622","","SUCCESS"
"09/06/2018 17:43:45","Bonus Added","Paytm Order #cust_id_2018-06-07upi6346899404:01:00","19217541619","","","1","","SUCCESS"
"07/06/2018 22:00:20","Paid For Order","Order #SM_D0847C5024966368","19193729257","From: SAIFUL HASAN To: sohrab","45","","","SUCCESS"
"07/06/2018 22:00:16","Added to Paytm Balance","Paytm Order #5323472957","19193728476","","","44","","SUCCESS"
"06/06/2018 04:57:31","Bonus Added","Paytm Order #cust_id_2018-06-03upi6346899404:01:00","19170196843","","","1","","SUCCESS"
"03/06/2018 04:02:31","Paid for Order","Paytm Order #5290173865","19131112824","","3","","","SUCCESS"
"01/06/2018 00:53:51","Paid for Order","Paytm Order #5275761925","19103778897","","10","","","SUCCESS"
"31/05/2018 20:23:29","Bonus Added","Paytm Order #cust_id_2018-05-26upi6346899404:00:59","19100952106","","","3","","SUCCESS"
"28/05/2018 22:55:44","Bonus Added","Paytm Order #UPIaddmoney_2018-05-26_63468994","19063836615","","","10","","SUCCESS"
"26/05/2018 23:29:29","Paid For Order","Order #SM_18E539E5018D7BED","19039624986","From: SAIFUL HASAN To: Ahsan ","359","","","SUCCESS"
"26/05/2018 23:29:27","Added to Paytm Balance","Paytm Order #5243414067","19039624875","","","359","","SUCCESS"
"25/05/2018 20:00:58","Paid for Order","Paytm Order #5235638270","19024730749","","33","","","SUCCESS"
"23/05/2018 17:17:11","Bonus Added","Paytm Order #cust_id_2018-05-21upi6346899408:12:55","18996389032","","","1","","SUCCESS"
"22/05/2018 03:06:32","Bonus Added","Paytm Order #UPIPG_2018-05-19_63468994","18975834100","","","30","","SUCCESS"
"22/05/2018 01:20:48","Bonus Added","Paytm Order #cust_id_2018-05-19upi6346899405:30:45","18975451050","","","2","","SUCCESS"
"19/05/2018 21:53:25","Paid For Order","Order #SM_C7DC0886638ADABA","18949530032","From: SAIFUL HASAN To: Ahsan ","45","","","SUCCESS"
"19/05/2018 21:53:24","Added to Paytm Balance","Paytm Order #5196025263","18949529814","","","45","","SUCCESS"
"19/05/2018 18:36:07","Paid for Order","Al mustafa restaurant Order #2018051918360700","18946825734","","200","","","SUCCESS"
"19/05/2018 18:36:06","Added to Paytm Balance","Paytm Order #5194537623","18946825344","","","200","","SUCCESS"
"06/05/2018 15:03:29","Paid For Order","Order #SM_E6D87D67DE8B960F","18781851008","From: SAIFUL HASAN To: Ahsan ","135","","","SUCCESS"
"06/05/2018 15:03:28","Added to Paytm Balance","Paytm Order #5108632336","18781850763","","","65","","SUCCESS"
"27/04/2018 15:08:15","Bonus Added","Paytm Order #18647186260_63468994","18662329195","","","70","","SUCCESS"
"26/04/2018 12:07:31","Paid For Order","Order #SM_EC511CFD6E7E20C4","18647186260","From: SAIFUL HASAN To: MAKS","500","","","SUCCESS"
"26/04/2018 12:07:29","Added to Paytm Balance","Paytm Order #5044555936","18647185837","","","500","","SUCCESS"
"25/04/2018 21:46:17","Paid For Order","Order #SM_F8A82E87460571E1","18641823408","From: SAIFUL HASAN To: Ahsan ","359","","","SUCCESS"
"25/04/2018 21:46:15","Added to Paytm Balance","Paytm Order #5042116473","18641823122","","","359","","SUCCESS"
"24/04/2018 13:22:41","Money Sent","Order #SM_28CB06A7AB12A86F","18622827225","From: SAIFUL HASAN To: Devender Dora","25","","","SUCCESS"
"24/04/2018 13:22:38","Added to Paytm Balance","Paytm Order #5032812865","18622826718","","","25","","SUCCESS"
"23/04/2018 23:34:47","Paid for Order","Paytm Order #5030427590","18617320080","","33","","","SUCCESS"
"23/04/2018 23:34:22","Added to Paytm Balance","Paytm Order #5030425223","18617317987","","","33","","SUCCESS"
"23/04/2018 19:29:18","Paid For Order","Order #SM_7E3468F2D0CCDD7C","18614500001","From: SAIFUL HASAN To: Ahsan ","45","","","SUCCESS"
"23/04/2018 19:29:17","Added to Paytm Balance","Paytm Order #5028874970","18614499747","","","45","","SUCCESS"
"17/04/2018 22:55:44","Paid For Order","Order #SM_AB3993FB695BE121","18544410183","From: SAIFUL HASAN To: Ahsan ","45","","","SUCCESS"
"17/04/2018 22:55:43","Added to Paytm Balance","Paytm Order #4993822523","18544410030","","","45","","SUCCESS"
"13/04/2018 16:18:36","Paid For Order","Order #SM_2FACE36319CEEE0B","18492645935","From: SAIFUL HASAN To: Ahsan ","558","","","SUCCESS"
"13/04/2018 16:18:34","Added to Paytm Balance","Paytm Order #4966662337","18492645531","","","558","","SUCCESS"
"10/04/2018 13:27:18","Money Sent","Order #SM_C5F9BB409B4CCC69","18452701530","From: SAIFUL HASAN To: Devender Dora","30","","","SUCCESS"
"10/04/2018 13:27:16","Added to Paytm Balance","Paytm Order #4946592170","18452701139","","","25","","SUCCESS"
"10/04/2018 13:01:31","Money received","Order #SM_C47CD50E0596481F","18452383267","From: NIKHIL KUMBHARE To: SAIFUL HASAN","","5","","SUCCESS"
"08/04/2018 21:46:59","Paid For Order","Order #SM_308A712C39C1585A","18433239415","From: SAIFUL HASAN To: Ahsan ","45","","","SUCCESS"
"08/04/2018 21:46:58","Added to Paytm Balance","Paytm Order #4937451906","18433239247","","","45","","SUCCESS"
"05/04/2018 15:36:44","Money Sent","Order #SM_5899964CE2FDFC1D","18393553729","From: SAIFUL HASAN To: Devender Dora","135","","","SUCCESS"
"05/04/2018 15:36:41","Added to Paytm Balance","Paytm Order #4916409667","18393553203","","","124","","SUCCESS"
"02/04/2018 20:31:20","Paid For Order","Order #SM_774254F7576739F9","18359129063","From: SAIFUL HASAN To: Ahsan ","89","","","SUCCESS"
"31/03/2018 19:08:45","Added to Paytm Balance","Paytm Order #4888292974","18334964271","","","100","","SUCCESS"
"26/03/2018 17:07:44","Paid For Order","Order #SM_8679129C2C941044","18275563388","From: SAIFUL HASAN To: Ahsan ","65","","","SUCCESS"
"26/03/2018 17:07:42","Added to Paytm Balance","Paytm Order #4859062793","18275563137","","","65","","SUCCESS"
"26/03/2018 15:20:48","Money Sent","Order #SM_A7AF168B19D9699A","18274607848","From: SAIFUL HASAN To: MOHD FIROZ KHAN","500","","","SUCCESS"
"26/03/2018 15:20:45","Added to Paytm Balance","Paytm Order #4858501486","18274607374","","","495","","SUCCESS"
"24/03/2018 16:25:07","Bonus Added","Paytm Order #CASH-768294035","18254663098","","","5","","SUCCESS"
"24/03/2018 14:39:01","Paid For Order","Order #SM_28225BBF035240B4","18253683943","From: SAIFUL HASAN To: Ahsan ","584","","","SUCCESS"
"24/03/2018 14:39:00","Added to Paytm Balance","Paytm Order #4847944305","18253683781","","","584","","SUCCESS"
"09/03/2018 22:08:10","Paid for Order","Al mustafa restaurant Order #20180309220810634","18094812416","","180","","","SUCCESS"
"09/03/2018 22:08:09","Added to Paytm Balance","Paytm Order #4764930216","18094812188","","","180","","SUCCESS"
"09/03/2018 15:05:08","Paid for Order","Paytm Order #4762258790","18089866820","","25","","","SUCCESS"
"08/03/2018 20:06:52","Paid for Order","Reliance Jio Order #BR0000UWG55Q","18081935849","","349","","","SUCCESS"
"08/03/2018 20:06:52","Bonus Added","Reliance Jio Order #BR0000UWG55Q","18081935887","","","25","","SUCCESS"
"08/03/2018 20:06:51","Added to Paytm Balance","Paytm Order #BR0000UWG55Q102319","18081935681","","","349","","SUCCESS"
"24/02/2018 11:43:57","Money Sent","Order #SM_59809C64CFB0D535","17947912632","From: Saiful Com To: sohan pal book","45","","","SUCCESS"
"24/02/2018 11:43:44","Added to Paytm Balance","Paytm Order #4687829380","17947910144","","","45","","SUCCESS"
"17/02/2018 02:34:46","Money Sent","Order #SM_26E5D5A9B123484B","17855573839","","300","","","SUCCESS"
"17/02/2018 02:27:50","Paid for Order","Paytm Order #4643818251","17855548128","","10","","","SUCCESS"
"16/02/2018 14:49:20","Bonus Added","Paytm Order #17837722519_63468994","17848400653","","","10","","SUCCESS"
"15/02/2018 19:37:45","Added to Paytm Balance","Paytm Order #4634635439","17838491938","","","300","","SUCCESS"
"15/02/2018 18:44:28","Paid For Order","Order #SM_C539341C440091BF","17837722519","From: Saiful Com To: al mustafa","180","","","SUCCESS"
"15/02/2018 18:43:32","Added to Paytm Balance","Paytm Order #4634681184","17837708367","","","180","","SUCCESS"
"12/02/2018 12:39:16","Money Sent","Order #SM_CCD99C76EB972E28","17793687256","","180","","","SUCCESS"
"12/02/2018 12:38:25","Added to Paytm Balance","Paytm Order #4613737961","17793676018","","","180","","SUCCESS"
"30/01/2018 02:09:50","Paid for Order","Paytm Order #4532640286","17628507496","","100","","","SUCCESS"
"30/01/2018 02:07:13","Added to Paytm Balance","Paytm Order #4532639074","17628498692","","","100","","SUCCESS"
"30/01/2018 01:57:34","Paid for Order","Paytm Order #4532635333","17628464292","","10","","","SUCCESS"
"30/01/2018 01:57:06","Added to Paytm Balance","Paytm Order #4532634406","17628462550","","","10","","SUCCESS"
"23/01/2018 21:44:53","Paid for Order","Paytm Order #4497509153","17556253022","","9","","","SUCCESS"
"05/12/2017 11:43:47","Paid for Order","Paytm Order #4231834020","16930478515","","10","","","SUCCESS"
"03/12/2017 02:12:12","Paid for Order","Paytm Order #4221054620","16914174439","","50","","","SUCCESS"
"03/12/2017 02:12:00","Added to Paytm Balance","Paytm Order #4221054199","16914174048","","","50","","SUCCESS"
"27/11/2017 22:25:01","Paid for Order","Paytm Order #4196281590","16877035125","","100","","","SUCCESS"
"11/11/2017 16:05:10","Paid for Order","Paytm Order #4117470046","16487765970","","50","","","SUCCESS"
"11/11/2017 16:04:49","Added to Paytm Balance","Paytm Order #4117466455","16487756138","","","100","","SUCCESS"
"08/11/2017 22:35:28","Paid for Order","Paytm Order #4102274718","16406512082","","50","","","SUCCESS"
"30/10/2017 22:23:39","Paid for Order","Paytm Order #4054688206","16144385434","","100","","","SUCCESS"
"30/10/2017 22:22:11","Added to Paytm Balance","Paytm Order #4054680300","16144352594","","","150","","SUCCESS"
"28/10/2017 23:10:21","Paid for Order","Paytm Order #4045076261","16093190670","","10","","","SUCCESS"
"26/10/2017 20:33:34","Paid for Order","Paytm Order #4034487272","16035485430","","9","","","SUCCESS"
"25/10/2017 22:31:36","Paid for Order","Paytm Order #4030130724","16010364682","","100","","","SUCCESS"
"25/10/2017 22:27:55","Added to Paytm Balance","Paytm Order #4030114142","16010285222","","","100","","SUCCESS"
"12/10/2017 11:01:50","Money received","Order #QR1507786300244","15517034574","From: Nikhil To: Saiful","","30","","SUCCESS"
"11/10/2017 21:30:12","Paid for Order","Paytm Order #3955175379","15502653530","","100","","","SUCCESS"
"11/10/2017 21:29:33","Added to Paytm Balance","Paytm Order #3955167262","15502631062","","","100","","SUCCESS"
"06/10/2017 10:41:37","Money Sent","Order #SM_B288607A321664D1","15311719618","From: Saiful To: sohan pal book","20","","","SUCCESS"
"05/10/2017 23:04:08","Paid for Order","Paytm Order #3923980139","15302447486","","50","","","SUCCESS"
"05/10/2017 22:16:48","Added to Paytm Balance","Paytm Order #3923779390","15301426194","","","50","","SUCCESS"
"29/09/2017 23:22:54","Paid for Order","Paytm Order #3893304843","15129436678","","100","","","SUCCESS"
"29/09/2017 23:22:05","Added to Paytm Balance","Paytm Order #3893296411","15129424462","","","100","","SUCCESS"
"15/09/2017 14:39:29","Paid for Order","Paytm Order #3821538532","14582182186","","9","","","SUCCESS"
"13/09/2017 19:20:48","Paid for Order","Paytm Order #3813310512","14528150198","","9","","","SUCCESS"
"12/09/2017 12:45:12","Money Sent","Order #SM_E177D87D986587F1","14483782890","From: Saiful To: sohan pal book","225","","","SUCCESS"
"12/09/2017 11:47:33","Money received","Order #SM_2AA89E1A6914276A","14482282726","","","240","","SUCCESS"
"11/09/2017 11:37:58","Paid for Order","Paytm Order #3801443250","14448536702","","20","","","SUCCESS"
